{"cameraMode":{"drawMode":0,"name":"Shaded","section":"Shading Mode"},"sceneLighting":false,"audioPlay":false,"sceneViewState":{"m_AlwaysRefresh":false,"showFog":true,"showSkybox":false,"showFlares":true,"showImageEffects":true,"showParticleSystems":true,"showVisualEffectGraphs":true,"m_FxEnabled":true},"in2DMode":false,"pivot":{"x":0.39185675978660586,"y":0.49028268456459048,"z":0.8341398239135742},"rotation":{"x":-0.10172055661678314,"y":-0.6799324154853821,"z":0.09610465168952942,"w":-0.7198191285133362},"size":2.4768874645233156,"orthographic":false}