{"cameraMode":{"drawMode":0,"name":"Shaded","section":"Shading Mode"},"sceneLighting":false,"audioPlay":false,"sceneViewState":{"m_AlwaysRefresh":false,"showFog":true,"showSkybox":false,"showFlares":true,"showImageEffects":true,"showParticleSystems":true,"showVisualEffectGraphs":true,"m_FxEnabled":true},"in2DMode":false,"pivot":{"x":-0.5280576944351196,"y":0.06775742769241333,"z":0.1897011250257492},"rotation":{"x":0.00015386783343274146,"y":-0.9994048476219177,"z":-0.004497399087995291,"w":-0.03419673070311546},"size":0.9875490069389343,"orthographic":true}