{"cameraMode":{"drawMode":0,"name":"Shaded","section":"Shading Mode"},"sceneLighting":false,"audioPlay":false,"sceneViewState":{"m_AlwaysRefresh":false,"showFog":true,"showSkybox":false,"showFlares":true,"showImageEffects":true,"showParticleSystems":true,"showVisualEffectGraphs":true,"m_FxEnabled":true},"in2DMode":false,"pivot":{"x":-0.4715260863304138,"y":0.9003886580467224,"z":1.7344157695770264},"rotation":{"x":0.008113195188343525,"y":-0.9812631607055664,"z":0.18860115110874177,"w":0.04128634184598923},"size":0.11506998538970947,"orthographic":false}