{"cameraMode":{"drawMode":0,"name":"Shaded","section":"Shading Mode"},"sceneLighting":true,"audioPlay":false,"sceneViewState":{"m_AlwaysRefresh":false,"showFog":true,"showSkybox":true,"showFlares":true,"showImageEffects":true,"showParticleSystems":true,"showVisualEffectGraphs":true,"m_FxEnabled":true},"in2DMode":false,"pivot":{"x":11.688982963562012,"y":1.3294456005096436,"z":8.573704719543457},"rotation":{"x":-0.2603917121887207,"y":0.01106021273881197,"z":-0.005798078142106533,"w":-0.9657557010650635},"size":0.8660253882408142,"orthographic":false}