{"cameraMode":{"drawMode":0,"name":"Shaded","section":"Shading Mode"},"sceneLighting":true,"audioPlay":false,"sceneViewState":{"m_AlwaysRefresh":false,"showFog":true,"showSkybox":true,"showFlares":true,"showImageEffects":true,"showParticleSystems":true,"showVisualEffectGraphs":true,"m_FxEnabled":true},"in2DMode":false,"pivot":{"x":1167.5379638671875,"y":817.447998046875,"z":-757.2454833984375},"rotation":{"x":0.19543981552124024,"y":-0.07327008992433548,"z":0.017424436286091806,"w":0.9782505631446838},"size":1.2714382410049439,"orthographic":false}