{"cameraMode":{"drawMode":0,"name":"Shaded","section":"Shading Mode"},"sceneLighting":false,"audioPlay":false,"sceneViewState":{"m_AlwaysRefresh":false,"showFog":true,"showSkybox":false,"showFlares":true,"showImageEffects":true,"showParticleSystems":true,"showVisualEffectGraphs":true,"m_FxEnabled":true},"in2DMode":false,"pivot":{"x":-1.0575783252716065,"y":1.837466835975647,"z":-4.925776481628418},"rotation":{"x":-0.18120989203453065,"y":-0.04458770528435707,"z":0.008382498286664486,"w":-0.9825075268745422},"size":0.11527953296899796,"orthographic":false}