{"cameraMode":{"drawMode":0,"name":"Shaded","section":"Shading Mode"},"sceneLighting":false,"audioPlay":false,"sceneViewState":{"m_AlwaysRefresh":false,"showFog":true,"showSkybox":false,"showFlares":true,"showImageEffects":true,"showParticleSystems":true,"showVisualEffectGraphs":true,"m_FxEnabled":true},"in2DMode":false,"pivot":{"x":0.1621859222650528,"y":-0.40529853105545046,"z":-1.862645149230957e-7},"rotation":{"x":-0.13076965510845185,"y":-0.06129276379942894,"z":0.008258232846856118,"w":-0.9895911812782288},"size":0.11520309001207352,"orthographic":false}