{"cameraMode":{"drawMode":0,"name":"Shaded","section":"Shading Mode"},"sceneLighting":false,"audioPlay":false,"sceneViewState":{"m_AlwaysRefresh":false,"showFog":true,"showSkybox":false,"showFlares":true,"showImageEffects":true,"showParticleSystems":true,"showVisualEffectGraphs":true,"m_FxEnabled":true},"in2DMode":false,"pivot":{"x":0.5149887800216675,"y":0.8528353571891785,"z":0.6841734647750855},"rotation":{"x":0.13873539865016938,"y":0.5943883657455444,"z":-0.1050301194190979,"w":0.7851322889328003},"size":1.0792253017425538,"orthographic":false}