{"cameraMode":{"drawMode":0,"name":"Shaded","section":"Shading Mode"},"sceneLighting":false,"audioPlay":false,"sceneViewState":{"m_AlwaysRefresh":false,"showFog":true,"showSkybox":false,"showFlares":true,"showImageEffects":true,"showParticleSystems":true,"showVisualEffectGraphs":true,"m_FxEnabled":true},"in2DMode":false,"pivot":{"x":-0.18357627093791963,"y":-0.09915177524089813,"z":-2.644956111907959e-7},"rotation":{"x":-0.13076965510845185,"y":-0.06129276379942894,"z":0.008258232846856118,"w":-0.9895911812782288},"size":0.11938708275556565,"orthographic":false}